{
"epochs": 10,
"batch_size": 1,
"aggregation": 1,
"learning_rate": 3e-5,
"weight_decay": 1e-3,
"min_lr": 1e-6,
"num_classes": 14,
"shape": [224, 224, 128],
"weights": [
        0.99,
        0.9754638671875,
        0.9136466979980469,
        0.9708188772201538,
        0.8960638046264648,
        0.9521570205688477,
        0.9076866507530212,
        0.8401899933815002,
        0.8231357336044312,
        0.8254913687705994,
        0.8323855996131897,
        0.915719747543335,
        0.8352454304695129,
        0.9243228435516357
            ],
"compile": false,
"autocast": true,
"sw_batch_size": 2,
"sw_overlap": 0.25,
"data_augmentation": {
    "spatial": [3, 3, 1, 1, 1],  
    "intensity": [3, 2, 1, 1, 1, 1, 1],  
    "coarse": [3, 1, 1]  
    }
}